{"_runtime": 11853, "train/reward_mean": 0.72265625, "train/reward_max": 1, "train/reward_min": 0, "grpo_step": 100, "_timestamp": 1775277090.5249224, "_step": 710, "train/clip_fraction": 0.0027457468040665844, "train/loss": -0.012913959100842476, "train/grad_norm": 0.030029296875, "train/entropy": 0.06685066223144531, "eval/avg_correct_res_length": 241.49004594180704, "eval/avg_entropy": 0.0751953125, "eval/avg_response_length": 307.6083984375, "eval/avg_incorrect_res_length": 423.98382749326146, "eval/accuracy": 0.6376953125, "eval_step": 100}