{"_runtime": 5086, "train/reward_mean": 0.63671875, "train/reward_max": 1, "train/reward_min": 0, "grpo_step": 50, "_timestamp": 1775178067.388039, "_step": 460, "train/loss": -0.015401147305965424, "train/grad_norm": 0.044189453125, "train/entropy": 0.13946533203125, "train/clip_fraction": 0.002902682908825227, "eval/avg_correct_res_length": 213.4572864321608, "eval/accuracy": 0.5830078125, "eval_step": 50, "eval/avg_incorrect_res_length": 340.5526932084309, "eval/avg_entropy": 0.130859375, "eval/avg_response_length": 266.455078125}