{"_runtime": 5081, "train/reward_mean": 0.609375, "train/reward_max": 1, "train/reward_min": 0, "grpo_step": 50, "_timestamp": 1775139355.6472476, "_step": 160, "train/loss": 0.0072575341910123825, "train/grad_norm": 0.017333984375, "train/entropy": 0.17859649658203125, "train/clip_fraction": 0.0004995655667698884, "eval/avg_response_length": 259.091796875, "eval/accuracy": 0.5615234375, "eval/avg_entropy": 0.173828125, "eval/avg_correct_res_length": 199.59826086956522, "eval/avg_incorrect_res_length": 335.28062360801783, "eval_step": 50}