{"_runtime": 11853, "train/reward_min": 0, "grpo_step": 200, "_timestamp": 1774639697.3789968, "_step": 420, "train/reward_mean": 0.10546875, "train/reward_max": 1, "train/loss": -0.08957499157986604, "train/grad_norm": 2.765625, "train/entropy": 0.4263916015625, "eval/avg_response_length": 224.7880859375, "eval/avg_correct_res_length": 94.65151515151516, "eval/avg_incorrect_res_length": 244.04596412556054, "eval/avg_entropy": 0.54296875, "eval/accuracy": 0.12890625, "eval_step": 200}