{"_runtime": 5238, "train/reward_mean": 0.67578125, "train/reward_max": 1, "train/reward_min": 0, "grpo_step": 50, "_timestamp": 1774975873.5436416, "_step": 160, "train/loss": 0.015592258423566818, "train/grad_norm": 1.796875, "train/entropy": 0.1271190643310547, "train/clip_fraction": 0.001571474462707556, "eval/avg_response_length": 335.048828125, "eval/avg_correct_res_length": 263.06779661016947, "eval/avg_incorrect_res_length": 432.9032258064516, "eval/avg_entropy": 0.1435546875, "eval/accuracy": 0.576171875, "eval_step": 50}