{"_runtime": 2282, "_step": 347, "train/loss": 0.47772216796875, "train_step": 347, "_timestamp": 1774387213.5711188}