{"_runtime": 11854, "train/reward_mean": 0.4140625, "train/reward_max": 1, "train/reward_min": 0, "grpo_step": 200, "_timestamp": 1774652220.1629868, "_step": 420, "train/loss": 0.030276783683802933, "train/grad_norm": 4.5625, "train/entropy": 0.1738109588623047, "eval/accuracy": 0.29296875, "eval/avg_entropy": 0.24609375, "eval_step": 200, "eval/avg_response_length": 295.2724609375, "eval/avg_correct_res_length": 151.07, "eval/avg_incorrect_res_length": 355.02486187845307}