{"_runtime": 5136, "train/reward_mean": 0.6640625, "train/reward_max": 1, "train/reward_min": 0, "grpo_step": 50, "_timestamp": 1775132083.3689315, "_step": 160, "train/loss": 0.001581026241183281, "train/grad_norm": 0.026123046875, "train/entropy": 0.1267566680908203, "train/clip_fraction": 0.0008412558695454209, "eval/avg_entropy": 0.138671875, "eval_step": 50, "eval/avg_correct_res_length": 253.14096185737978, "eval/avg_response_length": 317.982421875, "eval/avg_incorrect_res_length": 410.85510688836104, "eval/accuracy": 0.5888671875}