{"_runtime": 3265, "train/reward_mean": 0.43359375, "train/reward_max": 1, "train/reward_min": 0, "grpo_step": 50, "_timestamp": 1775164986.1825552, "_step": 110, "train/loss": 0.011598298999160761, "train/grad_norm": 0.046142578125, "train/entropy": 0.26225852966308594, "eval/avg_response_length": 231.14453125, "eval/avg_incorrect_res_length": 289.44891122278057, "eval/accuracy": 0.4169921875, "eval/avg_correct_res_length": 149.62763466042153, "eval/avg_entropy": 0.259765625, "eval_step": 50}