{"_runtime": 5021, "train/reward_mean": 0.4296875, "train/reward_max": 1, "train/reward_min": 0, "grpo_step": 50, "_timestamp": 1774965264.3412316, "_step": 460, "train/clip_fraction": 0.05035856208996847, "train/loss": -0.007509952993132174, "train/grad_norm": 0.88671875, "train/entropy": 0.197998046875, "eval/avg_correct_res_length": 150.22898550724636, "eval/avg_incorrect_res_length": 251.81443298969072, "eval/accuracy": 0.3369140625, "eval/avg_entropy": 0.19140625, "eval_step": 50, "eval/avg_response_length": 217.5888671875}