{"_runtime": 3830, "train/reward_mean": 0.50390625, "train/reward_max": 1, "train/reward_min": 0, "grpo_step": 50, "_timestamp": 1775172959.66809, "_step": 160, "train/loss": 0.014906048774719238, "train/grad_norm": 0.02978515625, "train/entropy": 0.23096466064453125, "train/clip_fraction": 0.0009280688218495925, "eval/avg_entropy": 0.23828125, "eval/avg_response_length": 251.1943359375, "eval/avg_correct_res_length": 170.02620087336246, "eval/avg_incorrect_res_length": 316.87455830388694, "eval/accuracy": 0.447265625, "eval_step": 50}