{"_runtime": 8720, "_timestamp": 1774875703.1456378, "_step": 420, "train/reward_mean": 0.3359375, "train/reward_max": 1, "train/reward_min": 0, "grpo_step": 200, "train/loss": 0.290620144107379, "train/grad_norm": 1.0234375, "train/entropy": 0.7988433837890625, "eval/avg_incorrect_res_length": 42.18316831683168, "eval/accuracy": 0.2109375, "eval_step": 200, "eval/avg_response_length": 40.84375, "eval/avg_correct_res_length": 35.833333333333336, "eval/avg_entropy": 0.77734375}