{"_runtime": 6278, "_step": 210, "train/reward_mean": 0.59765625, "train/reward_max": 1, "train/reward_min": 0, "grpo_step": 50, "_timestamp": 1775202307.7318687, "train/loss": -0.00021656975150108337, "train/grad_norm": 0.0213623046875, "train/entropy": 0.0848379135131836, "train/clip_fraction": 0.001974492133285821, "eval/avg_entropy": 0.10400390625, "eval/avg_incorrect_res_length": 339.6112359550562, "eval_step": 50, "eval/avg_response_length": 262.220703125, "eval/avg_correct_res_length": 202.74093264248705, "eval/accuracy": 0.5654296875}