{"_runtime": 6548, "train/reward_min": 0, "grpo_step": 50, "_timestamp": 1775239122.7702801, "_step": 360, "train/reward_mean": 0.63671875, "train/reward_max": 1, "train/loss": -0.004492170002777129, "train/grad_norm": 0.11181640625, "train/entropy": 0.11611747741699219, "train/clip_fraction": 0.003090001137024956, "eval/avg_correct_res_length": 247.52574102964118, "eval/avg_incorrect_res_length": 454.06527415143603, "eval/accuracy": 0.6259765625, "eval/avg_response_length": 324.7763671875, "eval/avg_entropy": 0.1259765625, "eval_step": 50}