{"_runtime": 1026, "train/reward_mean": 0.26953125, "train/reward_max": 1, "train/reward_min": 0, "grpo_step": 10, "_timestamp": 1775078158.9685457, "_step": 31, "train/loss": 0.0024279244244098663, "train/grad_norm": 0.01324462890625, "train/entropy": 0.4194526672363281, "train/clip_fraction": 0.0019470039342195378, "eval/avg_response_length": 197.7939453125, "eval/avg_correct_res_length": 124.06130268199233, "eval/avg_entropy": 0.462890625, "eval_step": 10, "eval/avg_incorrect_res_length": 223.01572739187418, "eval/accuracy": 0.2548828125}