{"_runtime": 3695, "train/reward_max": 1, "train/reward_min": 0, "grpo_step": 50, "_timestamp": 1775169100.99947, "_step": 260, "train/reward_mean": 0.49609375, "train/clip_fraction": 0.0007693610186834121, "train/loss": 0.017921380698680878, "train/grad_norm": 0.0361328125, "train/entropy": 0.20548248291015625, "eval/avg_response_length": 218.2041015625, "eval/avg_incorrect_res_length": 276.8052930056711, "eval/accuracy": 0.4833984375, "eval_step": 50, "eval/avg_correct_res_length": 155.57777777777778, "eval/avg_entropy": 0.16796875}