{"_runtime": 19135, "_step": 620, "train/reward_mean": 0.05859375, "train/reward_max": 1, "train/reward_min": 0, "grpo_step": 200, "_timestamp": 1775100522.500407, "train/clip_fraction": 2.582749311841326e-05, "train/loss": 0.002994965761899948, "train/grad_norm": 0.01397705078125, "train/entropy": 0.6687698364257812, "eval/avg_entropy": 0.75, "eval/avg_incorrect_res_length": 296.99689119170984, "eval_step": 200, "eval/avg_response_length": 286.845703125, "eval/avg_correct_res_length": 120.8135593220339, "eval/accuracy": 0.0576171875}