{"_runtime": 3271, "_timestamp": 1775160435.9572754, "_step": 110, "train/reward_mean": 0.43359375, "train/reward_max": 1, "train/reward_min": 0, "grpo_step": 50, "train/loss": -0.0020920106776429748, "train/grad_norm": 0.03125, "train/entropy": 0.19474029541015625, "eval/avg_incorrect_res_length": 284.9900826446281, "eval/avg_correct_res_length": 150.7398568019093, "eval/accuracy": 0.4091796875, "eval/avg_entropy": 0.20703125, "eval_step": 50, "eval/avg_response_length": 230.0576171875}