{"_runtime": 5048, "train/reward_min": 0, "grpo_step": 50, "_timestamp": 1774970578.4643497, "_step": 260, "train/reward_mean": 0.44921875, "train/reward_max": 1, "train/loss": -0.001443580724298954, "train/grad_norm": 0.234375, "train/entropy": 0.2425537109375, "train/clip_fraction": 0.03557388998524402, "eval/avg_response_length": 210.5625, "eval/avg_correct_res_length": 157.59268929503915, "eval/accuracy": 0.3740234375, "eval_step": 50, "eval/avg_incorrect_res_length": 242.21216848673947, "eval/avg_entropy": 0.2109375}