{"_runtime": 3712, "_timestamp": 1775126107.7739098, "_step": 110, "train/reward_mean": 0.42578125, "train/reward_max": 1, "train/reward_min": 0, "grpo_step": 50, "train/loss": 0.0026445388793945312, "train/grad_norm": 0.025634765625, "train/entropy": 0.21044921875, "train/clip_fraction": 0, "eval/avg_response_length": 223.2529296875, "eval/avg_correct_res_length": 155.2961373390558, "eval/avg_incorrect_res_length": 280.005376344086, "eval/avg_entropy": 0.212890625, "eval_step": 50, "eval/accuracy": 0.455078125}