{"_runtime": 24655, "train/reward_mean": 0.67578125, "train/reward_max": 1, "train/reward_min": 0, "grpo_step": 200, "_timestamp": 1775301766.1257575, "_step": 1420, "train/grad_norm": 0.0230712890625, "train/entropy": 0.03126716613769531, "train/clip_fraction": 0.001964668947039172, "train/loss": -0.00675082765519619, "eval/avg_correct_res_length": 345.38184438040344, "eval/avg_incorrect_res_length": 606.0090909090909, "eval/avg_entropy": 0.04345703125, "eval/accuracy": 0.677734375, "eval_step": 200, "eval/avg_response_length": 429.373046875}