{"_runtime": 794, "train/loss": 0.5333251953125, "train_step": 115, "_timestamp": 1774384669.0475705, "_step": 115}