{"_runtime": 6548, "train/reward_max": 1, "train/reward_min": 0, "grpo_step": 50, "_timestamp": 1775196002.2837732, "_step": 360, "train/reward_mean": 0.703125, "train/loss": 0.008943319320678711, "train/grad_norm": 0.0302734375, "train/entropy": 0.12777137756347656, "train/clip_fraction": 0.0011124491702503292, "eval/avg_response_length": 361.5439453125, "eval/avg_correct_res_length": 297.42922374429224, "eval/avg_incorrect_res_length": 476.3215258855586, "eval/accuracy": 0.6416015625, "eval/avg_entropy": 0.1279296875, "eval_step": 50}