{"_runtime": 7514, "train/reward_mean": 0.69921875, "train/reward_max": 1, "train/reward_min": 0, "grpo_step": 50, "_timestamp": 1775323717.0805414, "_step": 360, "train/grad_norm": 0.031494140625, "train/entropy": 0.1888580322265625, "train/clip_fraction": 0.00019849755426548654, "train/loss": -0.020820096135139465, "eval/avg_correct_res_length": 507.94395796847635, "eval/accuracy": 0.5576171875, "eval/avg_response_length": 590.6201171875, "eval/avg_incorrect_res_length": 694.832229580574, "eval/avg_entropy": 0.18359375, "eval_step": 50}