{"_runtime": 6569, "train/reward_min": 0, "grpo_step": 50, "_timestamp": 1775232068.1301363, "_step": 360, "train/reward_mean": 0.625, "train/reward_max": 1, "train/clip_fraction": 0.0029260640803840943, "train/loss": 0.06728229112923145, "train/grad_norm": 0.2353515625, "train/entropy": 0.1327362060546875, "eval/avg_response_length": 289.4697265625, "eval/avg_correct_res_length": 216.5427046263345, "eval/avg_incorrect_res_length": 378.1818181818182, "eval/accuracy": 0.548828125, "eval/avg_entropy": 0.1396484375, "eval_step": 50}