{"_runtime": 3833, "train/reward_min": 0, "grpo_step": 50, "_timestamp": 1774955983.7328532, "_step": 260, "train/reward_mean": 0.46875, "train/reward_max": 1, "train/clip_fraction": 0.046192085013899487, "train/loss": 0.011710806516930461, "train/grad_norm": 3.71875, "train/entropy": 0.12499618530273438, "eval/avg_response_length": 251.8408203125, "eval/avg_correct_res_length": 180.0982800982801, "eval/accuracy": 0.3974609375, "eval/avg_entropy": 0.140625, "eval/avg_incorrect_res_length": 299.16531604538085, "eval_step": 50}