{"_runtime": 6721, "_timestamp": 1774995572.801859, "_step": 660, "train/reward_mean": 0.30859375, "train/reward_max": 1, "train/reward_min": 0, "grpo_step": 50, "train/loss": 0.23477631976129487, "train/grad_norm": 776, "train/entropy": 0.08709838093663957, "train/clip_fraction": 0.19569288034836063, "eval/avg_correct_res_length": 161.36293436293437, "eval/avg_incorrect_res_length": 419.0875816993464, "eval/accuracy": 0.2529296875, "eval/avg_entropy": 0.04443359375, "eval/avg_response_length": 353.9013671875, "eval_step": 50}