{"_runtime": 3469.084242375, "train/reward_min": 0, "grpo_step": 28, "_timestamp": 1775005481.0705206, "_step": 115, "train/reward_mean": 0.578125, "train/reward_max": 1, "train/loss": -0.0007824897766113281, "train/grad_norm": 0.021240234375, "train/entropy": 0.16007614135742188, "train/clip_fraction": 0, "eval/avg_response_length": 240.8134765625, "eval/avg_incorrect_res_length": 287.49828178694156, "eval/avg_entropy": 0.22265625, "eval/avg_correct_res_length": 179.34162895927602, "eval/accuracy": 0.431640625, "eval_step": 25}