{"_runtime": 4947, "grpo_step": 50, "_timestamp": 1775183043.0520556, "_step": 260, "train/reward_mean": 0.62109375, "train/reward_max": 1, "train/reward_min": 0, "train/entropy": 0.12340927124023438, "train/clip_fraction": 0.0012124518088967307, "train/loss": -0.006960026919841766, "train/grad_norm": 0.0284423828125, "eval/avg_response_length": 283.8623046875, "eval/avg_correct_res_length": 201.28114478114477, "eval_step": 50, "eval/avg_incorrect_res_length": 397.9395348837209, "eval/accuracy": 0.580078125, "eval/avg_entropy": 0.1328125}