{"_runtime": 11691, "_step": 420, "train/reward_mean": 0.2265625, "train/reward_max": 1, "train/reward_min": 0, "grpo_step": 200, "_timestamp": 1774621697.392828, "train/loss": -0.16722854983527213, "train/grad_norm": 4.96875, "train/entropy": 0.1758575439453125, "eval/avg_response_length": 231.1875, "eval/avg_incorrect_res_length": 257.1596130592503, "eval/accuracy": 0.1923828125, "eval/avg_correct_res_length": 122.15736040609137, "eval/avg_entropy": 0.283203125, "eval_step": 200}