{"_runtime": 6221, "train/reward_min": 0, "grpo_step": 50, "_timestamp": 1775249286.5285046, "_step": 360, "train/reward_mean": 0.6640625, "train/reward_max": 1, "train/clip_fraction": 0.002457797745591961, "train/loss": 0.010381378218880855, "train/grad_norm": 0.05029296875, "train/entropy": 0.12962913513183594, "eval/avg_response_length": 266.8701171875, "eval/avg_incorrect_res_length": 341.61520190023754, "eval/avg_correct_res_length": 214.6849087893864, "eval/accuracy": 0.5888671875, "eval/avg_entropy": 0.126953125, "eval_step": 50}