{"_runtime": 6308, "grpo_step": 50, "_timestamp": 1775044938.228321, "_step": 210, "train/reward_mean": 0.63671875, "train/reward_max": 1, "train/reward_min": 0, "train/entropy": 0.15799522399902344, "train/clip_fraction": 0.0020830316157116613, "train/loss": 0.0072108786553144455, "train/grad_norm": 0.0267333984375, "eval/avg_response_length": 270.12890625, "eval/avg_entropy": 0.1689453125, "eval_step": 50, "eval/avg_correct_res_length": 202.05545927209707, "eval/avg_incorrect_res_length": 358, "eval/accuracy": 0.5634765625}