{"_runtime": 11419, "train/reward_mean": 0.421875, "train/reward_max": 1, "train/reward_min": 0, "grpo_step": 200, "_timestamp": 1774907763.939773, "_step": 420, "train/entropy": 0.0632036030292511, "train/loss": -3.9976440837490372, "train/grad_norm": 41.5, "eval_step": 200, "eval/avg_correct_res_length": 129.70437956204378, "eval/avg_incorrect_res_length": 235.29733333333334, "eval/avg_entropy": 0.034423828125, "eval/avg_response_length": 207.04296875, "eval/accuracy": 0.267578125}