{"_runtime": 6360, "train/reward_mean": 0.375, "train/reward_max": 1, "train/reward_min": 0, "grpo_step": 50, "_timestamp": 1775001966.5950954, "_step": 360, "train/loss": 9.019895331679436, "train/grad_norm": 7.625, "train/entropy": 0.18658447265625, "train/clip_fraction": 0.08570130985754076, "eval/avg_response_length": 244.154296875, "eval/avg_correct_res_length": 172.04189944134077, "eval/avg_entropy": 0.1943359375, "eval/avg_incorrect_res_length": 282.9174174174174, "eval/accuracy": 0.349609375, "eval_step": 50}