{"_runtime": 6749, "train/reward_max": 1, "train/reward_min": 0, "grpo_step": 50, "_timestamp": 1775315540.6026342, "_step": 360, "train/reward_mean": 0.6875, "train/loss": 0.004462855868041515, "train/grad_norm": 0.04736328125, "train/entropy": 0.05633735656738281, "eval/avg_incorrect_res_length": 619.6792452830189, "eval/avg_entropy": 0.064453125, "eval/avg_correct_res_length": 353.1546707503828, "eval/accuracy": 0.6376953125, "eval_step": 50, "eval/avg_response_length": 449.7177734375}