{"_runtime": 11712, "train/reward_mean": 0.35546875, "train/reward_max": 1, "train/reward_min": 0, "grpo_step": 200, "_timestamp": 1774920266.412962, "_step": 420, "train/loss": -1.5022435976570705, "train/grad_norm": 9.125, "train/entropy": 0.09835711121559143, "eval/avg_correct_res_length": 136.58785942492014, "eval/avg_incorrect_res_length": 242.0872011251758, "eval/accuracy": 0.3056640625, "eval/avg_entropy": 0.09619140625, "eval/avg_response_length": 209.83984375, "eval_step": 200}