{"_runtime": 3735, "_step": 160, "train/reward_mean": 0.36328125, "train/reward_max": 1, "train/reward_min": 0, "grpo_step": 50, "_timestamp": 1774960161.2331927, "train/clip_fraction": 0.029590461152110947, "train/loss": -0.001216786913573742, "train/grad_norm": 0.328125, "train/entropy": 0.12278366088867188, "eval/avg_correct_res_length": 131.21561338289962, "eval/avg_incorrect_res_length": 218.45827814569537, "eval/accuracy": 0.2626953125, "eval/avg_entropy": 0.1640625, "eval_step": 50, "eval/avg_response_length": 195.5400390625}