{"_runtime": 2112, "train/reward_mean": 0.41796875, "train/reward_max": 1, "train/reward_min": 0, "grpo_step": 20, "_timestamp": 1774987071.7952263, "_step": 64, "train/loss": 0.0037087779492139816, "train/grad_norm": 0.016845703125, "train/entropy": 0.23318862915039062, "train/clip_fraction": 0.001552667278701847, "eval_step": 20, "eval/avg_correct_res_length": 164.89150943396226, "eval/accuracy": 0.4140625, "eval/avg_response_length": 244.92578125, "eval/avg_incorrect_res_length": 301.48333333333335, "eval/avg_entropy": 0.244140625}