{"_runtime": 11287, "train/reward_max": 1, "train/reward_min": 0, "grpo_step": 200, "_timestamp": 1774892943.5218196, "_step": 420, "train/reward_mean": 0.22265625, "train/loss": 0.014937562998966314, "train/grad_norm": 0.0233154296875, "train/entropy": 0.5253677368164062, "eval/avg_response_length": 198.2138671875, "eval/avg_correct_res_length": 146.14776632302406, "eval/avg_incorrect_res_length": 218.88403819918145, "eval/accuracy": 0.2841796875, "eval/avg_entropy": 0.546875, "eval_step": 200}