{"_runtime": 19204, "_timestamp": 1775070355.6269479, "_step": 620, "train/reward_mean": 0.7421875, "train/reward_max": 1, "train/reward_min": 0, "grpo_step": 200, "train/entropy": 1.75799560546875, "train/clip_fraction": 0.2793482687884534, "train/loss": 1251933897719.877, "train/grad_norm": 2.800676018271027e+16, "eval/avg_response_length": 348.2529296875, "eval/accuracy": 0.5966796875, "eval/avg_correct_res_length": 278.531914893617, "eval/avg_incorrect_res_length": 451.3995157384988, "eval/avg_entropy": 1.8046875, "eval_step": 200}