{"_runtime": 6355, "_step": 660, "train/reward_mean": 0.640625, "train/reward_max": 1, "train/reward_min": 0, "grpo_step": 50, "_timestamp": 1775189423.122284, "train/clip_fraction": 0.00558221585379215, "train/loss": 0.0038358792662620544, "train/grad_norm": 0.0361328125, "train/entropy": 0.11137008666992188, "eval_step": 50, "eval/avg_response_length": 301.2353515625, "eval/avg_correct_res_length": 228.37137989778535, "eval/avg_incorrect_res_length": 399.10983981693363, "eval/accuracy": 0.5732421875, "eval/avg_entropy": 0.1337890625}